<?xml version="1.0" encoding="utf-8"?>
<databaseChangeLog
    xmlns="http://www.liquibase.org/xml/ns/dbchangelog"
    xmlns:ext="http://www.liquibase.org/xml/ns/dbchangelog-ext"
    xmlns:xsi="http://www.w3.org/2001/XMLSchema-instance"
    xsi:schemaLocation="http://www.liquibase.org/xml/ns/dbchangelog http://www.liquibase.org/xml/ns/dbchangelog/dbchangelog-3.5.xsd
                        http://www.liquibase.org/xml/ns/dbchangelog-ext http://www.liquibase.org/xml/ns/dbchangelog/dbchangelog-ext.xsd">

    <property name="now" value="now()" dbms="h2"/>

    <property name="now" value="now()" dbms="mysql"/>
    <property name="autoIncrement" value="true"/>

    <property name="floatType" value="float4" dbms="postgresql, h2"/>
    <property name="floatType" value="float" dbms="mysql, oracle, mssql"/>

    <!--
        Drop the "key" field on the JDL Metadata.
    -->
    <changeSet id="20180504000000-1" author="jhipster">
        <dropIndex indexName="idx_jdl_metadata_key"
                   tableName="jdl_metadata"/>

        <dropColumn tableName="jdl_metadata"
                    columnName="jhi_key"/>
    </changeSet>
</databaseChangeLog>
