<?xml version="1.0" encoding="utf-8"?>
<databaseChangeLog
    xmlns="http://www.liquibase.org/xml/ns/dbchangelog"
    xmlns:ext="http://www.liquibase.org/xml/ns/dbchangelog-ext"
    xmlns:xsi="http://www.w3.org/2001/XMLSchema-instance"
    xsi:schemaLocation="http://www.liquibase.org/xml/ns/dbchangelog http://www.liquibase.org/xml/ns/dbchangelog/dbchangelog-3.5.xsd
                        http://www.liquibase.org/xml/ns/dbchangelog-ext http://www.liquibase.org/xml/ns/dbchangelog/dbchangelog-ext.xsd">

    <property name="now" value="now()" dbms="h2"/>

    <property name="now" value="now()" dbms="mysql"/>
    <property name="autoIncrement" value="true"/>

    <property name="floatType" value="float4" dbms="postgresql, h2"/>
    <property name="floatType" value="float" dbms="mysql, oracle, mssql"/>

    <!--
        Added the entity Jdl.
    -->
    <changeSet id="20180328000000-1" author="jhipster">
        <createTable tableName="jdl">
            <column name="id" type="bigint" autoIncrement="${autoIncrement}">
                <constraints primaryKey="true" nullable="false"/>
            </column>

            <column name="content" type="mediumtext">
                <constraints nullable="true" />
            </column>

            <column name="jdl_metadata_id" type="varchar(255)">
                <constraints nullable="false" />
            </column>

            <!-- jhipster-needle-liquibase-add-column - JHipster will add columns here, do not remove-->
        </createTable>

        <addForeignKeyConstraint baseColumnNames="jdl_metadata_id"
                                 baseTableName="jdl"
                                 constraintName="fk_jdl_jdl_metadata_id"
                                 referencedColumnNames="id"
                                 referencedTableName="jdl_metadata"/>
    </changeSet>

</databaseChangeLog>
